Image_Name,Group,Value,Unit,Is_Trend,Ratio_Value
SIMCEPImages_J10_C40_F29_s10_w1.TIF,Control,35,cells,False,0
SIMCEPImages_L10_C40_F35_s17_w1.TIF,Control,30,cells,False,0
SIMCEPImages_N10_C40_F42_s24_w2.TIF,Control,17,cells,False,0
SIMCEPImages_A10_C40_F1_s04_w1.TIF,Control,40,cells,False,0
SIMCEPImages_G10_C40_F20_s09_w1.TIF,Control,38,cells,False,0
SIMCEPImages_F10_C40_F17_s12_w2.TIF,Control,15,cells,False,0
SIMCEPImages_F10_C40_F17_s23_w2.TIF,Control,21,cells,False,0
SIMCEPImages_J10_C40_F29_s19_w1.TIF,Control,33,cells,False,0
SIMCEPImages_O10_C40_F45_s19_w2.TIF,Control,17,cells,False,0
SIMCEPImages_K10_C40_F32_s12_w1.TIF,Control,31,cells,False,0
SIMCEPImages_G10_C40_F20_s22_w1.TIF,Control,38,cells,False,0
SIMCEPImages_M10_C40_F39_s22_w2.TIF,Control,25,cells,False,0
SIMCEPImages_I10_C40_F26_s09_w2.TIF,Control,19,cells,False,0
SIMCEPImages_I10_C40_F26_s01_w1.TIF,Control,33,cells,False,0
SIMCEPImages_K10_C40_F32_s14_w1.TIF,Control,30,cells,False,0
SIMCEPImages_O10_C40_F45_s23_w2.TIF,Control,20,cells,False,0
SIMCEPImages_E10_C40_F14_s19_w1.TIF,Control,36,cells,False,0
SIMCEPImages_J10_C40_F29_s23_w1.TIF,Control,32,cells,False,0
SIMCEPImages_H10_C40_F23_s19_w2.TIF,Control,17,cells,False,0
SIMCEPImages_G10_C40_F20_s03_w2.TIF,Control,19,cells,False,0
SIMCEPImages_F10_C40_F17_s08_w2.TIF,Control,16,cells,False,0
SIMCEPImages_M10_C40_F39_s25_w2.TIF,Control,21,cells,False,0
SIMCEPImages_D10_C40_F10_s23_w1.TIF,Control,38,cells,False,0
SIMCEPImages_C10_C40_F7_s22_w2.TIF,Control,28,cells,False,0
SIMCEPImages_E10_C40_F14_s04_w2.TIF,Control,24,cells,False,0
SIMCEPImages_P10_C40_F48_s13_w2.TIF,Control,21,cells,False,0
SIMCEPImages_K10_C40_F32_s08_w2.TIF,Control,15,cells,False,0
SIMCEPImages_B10_C40_F4_s01_w2.TIF,Control,21,cells,False,0
SIMCEPImages_G10_C40_F20_s10_w1.TIF,Control,38,cells,False,0
SIMCEPImages_D10_C40_F10_s06_w2.TIF,Control,21,cells,False,0
SIMCEPImages_N10_C40_F42_s24_w1.TIF,Control,18,cells,False,0
SIMCEPImages_I10_C40_F26_s15_w1.TIF,Control,29,cells,False,0
SIMCEPImages_O10_C40_F45_s02_w1.TIF,Control,6,cells,False,0
SIMCEPImages_L10_C40_F35_s06_w2.TIF,Control,20,cells,False,0
SIMCEPImages_J10_C40_F29_s09_w1.TIF,Control,34,cells,False,0
SIMCEPImages_D10_C40_F10_s13_w1.TIF,Control,37,cells,False,0
SIMCEPImages_O10_C40_F45_s05_w1.TIF,Control,10,cells,False,0
SIMCEPImages_F10_C40_F17_s15_w2.TIF,Control,12,cells,False,0
SIMCEPImages_I10_C40_F26_s21_w2.TIF,Control,18,cells,False,0
SIMCEPImages_P10_C40_F48_s13_w1.TIF,Control,3,cells,False,0
SIMCEPImages_M10_C40_F39_s05_w2.TIF,Control,21,cells,False,0
SIMCEPImages_P10_C40_F48_s06_w2.TIF,Control,20,cells,False,0
SIMCEPImages_B10_C40_F4_s18_w1.TIF,Control,37,cells,False,0
SIMCEPImages_P10_C40_F48_s14_w1.TIF,Control,1,cells,False,0
SIMCEPImages_E10_C40_F14_s06_w1.TIF,Control,37,cells,False,0
SIMCEPImages_C10_C40_F7_s19_w1.TIF,Control,38,cells,False,0
SIMCEPImages_L10_C40_F35_s20_w1.TIF,Control,28,cells,False,0
SIMCEPImages_G10_C40_F20_s19_w2.TIF,Control,17,cells,False,0
SIMCEPImages_G10_C40_F20_s07_w1.TIF,Control,37,cells,False,0
SIMCEPImages_O10_C40_F45_s06_w1.TIF,Control,8,cells,False,0
SIMCEPImages_I10_C40_F26_s03_w2.TIF,Control,19,cells,False,0
SIMCEPImages_O10_C40_F45_s22_w1.TIF,Control,8,cells,False,0
SIMCEPImages_N10_C40_F42_s07_w2.TIF,Control,18,cells,False,0
SIMCEPImages_P10_C40_F48_s15_w1.TIF,Control,9,cells,False,0
SIMCEPImages_H10_C40_F23_s07_w1.TIF,Control,34,cells,False,0
SIMCEPImages_H10_C40_F23_s06_w2.TIF,Control,20,cells,False,0
SIMCEPImages_E10_C40_F14_s08_w2.TIF,Control,16,cells,False,0
SIMCEPImages_A10_C40_F1_s14_w2.TIF,Control,20,cells,False,0
SIMCEPImages_D10_C40_F10_s06_w1.TIF,Control,37,cells,False,0
SIMCEPImages_C10_C40_F7_s15_w2.TIF,Control,12,cells,False,0
SIMCEPImages_E10_C40_F14_s25_w1.TIF,Control,38,cells,False,0
SIMCEPImages_K10_C40_F32_s10_w1.TIF,Control,31,cells,False,0
SIMCEPImages_L10_C40_F35_s02_w1.TIF,Control,32,cells,False,0
SIMCEPImages_E10_C40_F14_s06_w2.TIF,Control,20,cells,False,0
SIMCEPImages_M10_C40_F39_s02_w1.TIF,Control,21,cells,False,0
SIMCEPImages_P10_C40_F48_s09_w1.TIF,Control,5,cells,False,0
SIMCEPImages_L10_C40_F35_s23_w2.TIF,Control,19,cells,False,0
SIMCEPImages_H10_C40_F23_s10_w1.TIF,Control,37,cells,False,0
SIMCEPImages_P10_C40_F48_s14_w2.TIF,Control,21,cells,False,0
SIMCEPImages_L10_C40_F35_s14_w2.TIF,Control,21,cells,False,0
SIMCEPImages_H10_C40_F23_s01_w2.TIF,Control,19,cells,False,0
SIMCEPImages_E10_C40_F14_s02_w2.TIF,Control,23,cells,False,0
SIMCEPImages_C10_C40_F7_s12_w1.TIF,Control,38,cells,False,0
SIMCEPImages_J10_C40_F29_s19_w2.TIF,Control,17,cells,False,0
SIMCEPImages_F10_C40_F17_s20_w2.TIF,Control,20,cells,False,0
SIMCEPImages_M10_C40_F39_s19_w1.TIF,Control,22,cells,False,0
SIMCEPImages_D10_C40_F10_s24_w2.TIF,Control,18,cells,False,0
SIMCEPImages_I10_C40_F26_s11_w1.TIF,Control,38,cells,False,0
SIMCEPImages_K10_C40_F32_s15_w1.TIF,Control,27,cells,False,0
SIMCEPImages_E10_C40_F14_s20_w2.TIF,Control,20,cells,False,0
SIMCEPImages_E10_C40_F14_s19_w2.TIF,Control,17,cells,False,0
SIMCEPImages_L10_C40_F35_s24_w1.TIF,Control,27,cells,False,0
SIMCEPImages_E10_C40_F14_s13_w1.TIF,Control,36,cells,False,0
SIMCEPImages_G10_C40_F20_s14_w1.TIF,Control,36,cells,False,0
SIMCEPImages_L10_C40_F35_s02_w2.TIF,Control,24,cells,False,0
SIMCEPImages_L10_C40_F35_s13_w1.TIF,Control,26,cells,False,0
SIMCEPImages_L10_C40_F35_s15_w2.TIF,Control,12,cells,False,0
SIMCEPImages_B10_C40_F4_s06_w2.TIF,Control,21,cells,False,0
SIMCEPImages_L10_C40_F35_s13_w2.TIF,Control,20,cells,False,0
SIMCEPImages_F10_C40_F17_s09_w1.TIF,Control,38,cells,False,0
SIMCEPImages_F10_C40_F17_s25_w2.TIF,Control,22,cells,False,0
SIMCEPImages_F10_C40_F17_s22_w2.TIF,Control,27,cells,False,0
SIMCEPImages_H10_C40_F23_s16_w1.TIF,Control,36,cells,False,0
SIMCEPImages_G10_C40_F20_s17_w2.TIF,Control,19,cells,False,0
SIMCEPImages_B10_C40_F4_s15_w1.TIF,Control,36,cells,False,0
SIMCEPImages_H10_C40_F23_s23_w2.TIF,Control,19,cells,False,0
SIMCEPImages_C10_C40_F7_s21_w2.TIF,Control,18,cells,False,0
SIMCEPImages_M10_C40_F39_s08_w1.TIF,Control,20,cells,False,0
SIMCEPImages_J10_C40_F29_s12_w1.TIF,Control,34,cells,False,0
SIMCEPImages_N10_C40_F42_s18_w2.TIF,Control,22,cells,False,0
SIMCEPImages_H10_C40_F23_s10_w2.TIF,Control,19,cells,False,0
SIMCEPImages_K10_C40_F32_s25_w2.TIF,Control,21,cells,False,0
SIMCEPImages_O10_C40_F45_s09_w2.TIF,Control,18,cells,False,0
SIMCEPImages_G10_C40_F20_s07_w2.TIF,Control,19,cells,False,0
SIMCEPImages_M10_C40_F39_s11_w2.TIF,Control,22,cells,False,0
SIMCEPImages_E10_C40_F14_s22_w2.TIF,Control,26,cells,False,0
SIMCEPImages_M10_C40_F39_s04_w2.TIF,Control,22,cells,False,0
SIMCEPImages_A10_C40_F1_s13_w2.TIF,Control,23,cells,False,0
SIMCEPImages_J10_C40_F29_s14_w1.TIF,Control,34,cells,False,0
SIMCEPImages_H10_C40_F23_s02_w1.TIF,Control,39,cells,False,0
SIMCEPImages_E10_C40_F14_s08_w1.TIF,Control,36,cells,False,0
SIMCEPImages_H10_C40_F23_s12_w2.TIF,Control,15,cells,False,0
SIMCEPImages_I10_C40_F26_s16_w1.TIF,Control,36,cells,False,0
SIMCEPImages_O10_C40_F45_s20_w2.TIF,Control,20,cells,False,0
SIMCEPImages_E10_C40_F14_s04_w1.TIF,Control,39,cells,False,0
SIMCEPImages_C10_C40_F7_s22_w1.TIF,Control,38,cells,False,0
SIMCEPImages_E10_C40_F14_s23_w1.TIF,Control,38,cells,False,0
SIMCEPImages_F10_C40_F17_s13_w2.TIF,Control,21,cells,False,0
SIMCEPImages_H10_C40_F23_s17_w2.TIF,Control,19,cells,False,0
SIMCEPImages_B10_C40_F4_s17_w1.TIF,Control,41,cells,False,0
SIMCEPImages_A10_C40_F1_s25_w1.TIF,Control,41,cells,False,0
SIMCEPImages_K10_C40_F32_s17_w1.TIF,Control,32,cells,False,0
SIMCEPImages_E10_C40_F14_s12_w2.TIF,Control,15,cells,False,0
SIMCEPImages_D10_C40_F10_s03_w2.TIF,Control,19,cells,False,0
SIMCEPImages_B10_C40_F4_s18_w2.TIF,Control,21,cells,False,0
SIMCEPImages_O10_C40_F45_s01_w2.TIF,Control,18,cells,False,0
SIMCEPImages_J10_C40_F29_s03_w2.TIF,Control,19,cells,False,0
SIMCEPImages_M10_C40_F39_s11_w1.TIF,Control,27,cells,False,0
SIMCEPImages_L10_C40_F35_s03_w2.TIF,Control,19,cells,False,0
SIMCEPImages_F10_C40_F17_s20_w1.TIF,Control,35,cells,False,0
SIMCEPImages_B10_C40_F4_s08_w2.TIF,Control,15,cells,False,0
SIMCEPImages_J10_C40_F29_s03_w1.TIF,Control,33,cells,False,0
SIMCEPImages_A10_C40_F1_s19_w1.TIF,Control,38,cells,False,0
SIMCEPImages_H10_C40_F23_s20_w1.TIF,Control,34,cells,False,0
SIMCEPImages_I10_C40_F26_s14_w1.TIF,Control,34,cells,False,0
SIMCEPImages_G10_C40_F20_s17_w1.TIF,Control,36,cells,False,0
SIMCEPImages_I10_C40_F26_s14_w2.TIF,Control,21,cells,False,0
SIMCEPImages_D10_C40_F10_s10_w1.TIF,Control,42,cells,False,0
SIMCEPImages_K10_C40_F32_s21_w1.TIF,Control,30,cells,False,0
SIMCEPImages_H10_C40_F23_s03_w2.TIF,Control,19,cells,False,0
SIMCEPImages_F10_C40_F17_s16_w1.TIF,Control,39,cells,False,0
SIMCEPImages_L10_C40_F35_s21_w1.TIF,Control,28,cells,False,0
SIMCEPImages_J10_C40_F29_s01_w2.TIF,Control,18,cells,False,0
SIMCEPImages_C10_C40_F7_s13_w2.TIF,Control,21,cells,False,0
SIMCEPImages_I10_C40_F26_s03_w1.TIF,Control,33,cells,False,0
SIMCEPImages_E10_C40_F14_s15_w1.TIF,Control,31,cells,False,0
SIMCEPImages_L10_C40_F35_s07_w1.TIF,Control,28,cells,False,0
SIMCEPImages_M10_C40_F39_s06_w2.TIF,Control,20,cells,False,0
SIMCEPImages_A10_C40_F1_s21_w2.TIF,Control,20,cells,False,0
SIMCEPImages_L10_C40_F35_s15_w1.TIF,Control,26,cells,False,0
SIMCEPImages_L10_C40_F35_s05_w1.TIF,Control,29,cells,False,0
SIMCEPImages_A10_C40_F1_s11_w1.TIF,Control,39,cells,False,0
SIMCEPImages_H10_C40_F23_s06_w1.TIF,Control,37,cells,False,0
SIMCEPImages_I10_C40_F26_s08_w1.TIF,Control,34,cells,False,0
SIMCEPImages_I10_C40_F26_s23_w1.TIF,Control,34,cells,False,0
SIMCEPImages_M10_C40_F39_s09_w2.TIF,Control,18,cells,False,0
SIMCEPImages_H10_C40_F23_s18_w2.TIF,Control,21,cells,False,0
SIMCEPImages_A10_C40_F1_s15_w1.TIF,Control,36,cells,False,0
SIMCEPImages_E10_C40_F14_s11_w1.TIF,Control,39,cells,False,0
SIMCEPImages_C10_C40_F7_s24_w2.TIF,Control,19,cells,False,0
SIMCEPImages_L10_C40_F35_s24_w2.TIF,Control,17,cells,False,0
SIMCEPImages_F10_C40_F17_s07_w2.TIF,Control,19,cells,False,0
SIMCEPImages_B10_C40_F4_s02_w1.TIF,Control,39,cells,False,0
SIMCEPImages_O10_C40_F45_s08_w1.TIF,Control,8,cells,False,0
SIMCEPImages_L10_C40_F35_s08_w2.TIF,Control,15,cells,False,0
SIMCEPImages_L10_C40_F35_s16_w2.TIF,Control,21,cells,False,0
SIMCEPImages_I10_C40_F26_s24_w1.TIF,Control,36,cells,False,0
SIMCEPImages_C10_C40_F7_s05_w2.TIF,Control,23,cells,False,0
SIMCEPImages_N10_C40_F42_s01_w2.TIF,Control,18,cells,False,0
SIMCEPImages_P10_C40_F48_s18_w2.TIF,Control,22,cells,False,0
SIMCEPImages_E10_C40_F14_s03_w1.TIF,Control,35,cells,False,0
SIMCEPImages_E10_C40_F14_s03_w2.TIF,Control,19,cells,False,0
SIMCEPImages_C10_C40_F7_s02_w1.TIF,Control,39,cells,False,0
SIMCEPImages_C10_C40_F7_s15_w1.TIF,Control,35,cells,False,0
SIMCEPImages_A10_C40_F1_s15_w2.TIF,Control,13,cells,False,0
SIMCEPImages_D10_C40_F10_s02_w1.TIF,Control,39,cells,False,0
SIMCEPImages_L10_C40_F35_s10_w2.TIF,Control,18,cells,False,0
SIMCEPImages_J10_C40_F29_s13_w2.TIF,Control,20,cells,False,0
SIMCEPImages_B10_C40_F4_s19_w1.TIF,Control,38,cells,False,0
SIMCEPImages_N10_C40_F42_s04_w1.TIF,Control,11,cells,False,0
SIMCEPImages_J10_C40_F29_s15_w1.TIF,Control,29,cells,False,0
SIMCEPImages_L10_C40_F35_s16_w1.TIF,Control,30,cells,False,0
SIMCEPImages_K10_C40_F32_s22_w1.TIF,Control,33,cells,False,0
SIMCEPImages_L10_C40_F35_s22_w1.TIF,Control,30,cells,False,0
SIMCEPImages_N10_C40_F42_s02_w2.TIF,Control,25,cells,False,0
SIMCEPImages_D10_C40_F10_s07_w2.TIF,Control,19,cells,False,0
SIMCEPImages_H10_C40_F23_s24_w1.TIF,Control,37,cells,False,0
SIMCEPImages_D10_C40_F10_s18_w1.TIF,Control,37,cells,False,0
SIMCEPImages_F10_C40_F17_s04_w2.TIF,Control,24,cells,False,0
SIMCEPImages_D10_C40_F10_s20_w1.TIF,Control,38,cells,False,0
SIMCEPImages_A10_C40_F1_s07_w1.TIF,Control,39,cells,False,0
SIMCEPImages_B10_C40_F4_s10_w2.TIF,Control,22,cells,False,0
SIMCEPImages_I10_C40_F26_s04_w2.TIF,Control,23,cells,False,0
SIMCEPImages_E10_C40_F14_s07_w2.TIF,Control,19,cells,False,0
SIMCEPImages_C10_C40_F7_s03_w1.TIF,Control,36,cells,False,0
SIMCEPImages_K10_C40_F32_s11_w1.TIF,Control,34,cells,False,0
SIMCEPImages_N10_C40_F42_s05_w1.TIF,Control,16,cells,False,0
SIMCEPImages_D10_C40_F10_s15_w2.TIF,Control,12,cells,False,0
SIMCEPImages_P10_C40_F48_s16_w2.TIF,Control,21,cells,False,0
SIMCEPImages_G10_C40_F20_s05_w2.TIF,Control,22,cells,False,0
SIMCEPImages_I10_C40_F26_s10_w1.TIF,Control,35,cells,False,0
SIMCEPImages_O10_C40_F45_s11_w1.TIF,Control,16,cells,False,0
SIMCEPImages_O10_C40_F45_s11_w2.TIF,Control,22,cells,False,0
SIMCEPImages_P10_C40_F48_s07_w2.TIF,Control,17,cells,False,0
SIMCEPImages_K10_C40_F32_s15_w2.TIF,Control,12,cells,False,0
SIMCEPImages_B10_C40_F4_s11_w2.TIF,Control,25,cells,False,0
SIMCEPImages_M10_C40_F39_s15_w2.TIF,Control,12,cells,False,0
SIMCEPImages_P10_C40_F48_s04_w2.TIF,Control,22,cells,False,0
SIMCEPImages_P10_C40_F48_s12_w1.TIF,Control,6,cells,False,0
SIMCEPImages_E10_C40_F14_s23_w2.TIF,Control,21,cells,False,0
SIMCEPImages_C10_C40_F7_s07_w1.TIF,Control,39,cells,False,0
SIMCEPImages_A10_C40_F1_s06_w2.TIF,Control,21,cells,False,0
SIMCEPImages_D10_C40_F10_s18_w2.TIF,Control,22,cells,False,0
SIMCEPImages_K10_C40_F32_s04_w1.TIF,Control,33,cells,False,0
SIMCEPImages_J10_C40_F29_s22_w2.TIF,Control,27,cells,False,0
SIMCEPImages_B10_C40_F4_s16_w2.TIF,Control,25,cells,False,0
SIMCEPImages_L10_C40_F35_s12_w1.TIF,Control,30,cells,False,0
SIMCEPImages_J10_C40_F29_s25_w1.TIF,Control,38,cells,False,0
SIMCEPImages_B10_C40_F4_s21_w1.TIF,Control,41,cells,False,0
SIMCEPImages_P10_C40_F48_s25_w2.TIF,Control,20,cells,False,0
SIMCEPImages_O10_C40_F45_s10_w2.TIF,Control,18,cells,False,0
SIMCEPImages_I10_C40_F26_s02_w2.TIF,Control,24,cells,False,0
SIMCEPImages_F10_C40_F17_s06_w1.TIF,Control,37,cells,False,0
SIMCEPImages_C10_C40_F7_s14_w1.TIF,Control,39,cells,False,0
SIMCEPImages_E10_C40_F14_s05_w1.TIF,Control,37,cells,False,0
SIMCEPImages_N10_C40_F42_s15_w1.TIF,Control,16,cells,False,0
SIMCEPImages_E10_C40_F14_s14_w1.TIF,Control,39,cells,False,0
SIMCEPImages_L10_C40_F35_s01_w2.TIF,Control,18,cells,False,0
SIMCEPImages_H10_C40_F23_s19_w1.TIF,Control,36,cells,False,0
SIMCEPImages_B10_C40_F4_s25_w1.TIF,Control,41,cells,False,0
SIMCEPImages_N10_C40_F42_s16_w2.TIF,Control,21,cells,False,0
SIMCEPImages_D10_C40_F10_s01_w2.TIF,Control,19,cells,False,0
SIMCEPImages_B10_C40_F4_s20_w1.TIF,Control,39,cells,False,0
SIMCEPImages_M10_C40_F39_s14_w2.TIF,Control,21,cells,False,0
SIMCEPImages_M10_C40_F39_s03_w1.TIF,Control,19,cells,False,0
SIMCEPImages_H10_C40_F23_s22_w1.TIF,Control,37,cells,False,0
SIMCEPImages_G10_C40_F20_s16_w1.TIF,Control,38,cells,False,0
SIMCEPImages_J10_C40_F29_s24_w1.TIF,Control,35,cells,False,0
SIMCEPImages_B10_C40_F4_s21_w2.TIF,Control,19,cells,False,0
SIMCEPImages_A10_C40_F1_s06_w1.TIF,Control,37,cells,False,0
SIMCEPImages_P10_C40_F48_s17_w1.TIF,Control,4,cells,False,0
SIMCEPImages_H10_C40_F23_s02_w2.TIF,Control,24,cells,False,0
SIMCEPImages_D10_C40_F10_s16_w1.TIF,Control,40,cells,False,0
SIMCEPImages_F10_C40_F17_s09_w2.TIF,Control,19,cells,False,0
SIMCEPImages_I10_C40_F26_s15_w2.TIF,Control,12,cells,False,0
SIMCEPImages_G10_C40_F20_s02_w1.TIF,Control,39,cells,False,0
SIMCEPImages_K10_C40_F32_s16_w1.TIF,Control,34,cells,False,0
SIMCEPImages_O10_C40_F45_s05_w2.TIF,Control,21,cells,False,0
SIMCEPImages_D10_C40_F10_s05_w2.TIF,Control,23,cells,False,0
SIMCEPImages_D10_C40_F10_s17_w2.TIF,Control,19,cells,False,0
SIMCEPImages_A10_C40_F1_s04_w2.TIF,Control,23,cells,False,0
SIMCEPImages_N10_C40_F42_s12_w1.TIF,Control,15,cells,False,0
SIMCEPImages_K10_C40_F32_s03_w2.TIF,Control,19,cells,False,0
SIMCEPImages_C10_C40_F7_s06_w1.TIF,Control,37,cells,False,0
SIMCEPImages_K10_C40_F32_s09_w1.TIF,Control,31,cells,False,0
SIMCEPImages_E10_C40_F14_s09_w1.TIF,Control,38,cells,False,0
SIMCEPImages_A10_C40_F1_s03_w2.TIF,Control,21,cells,False,0
SIMCEPImages_A10_C40_F1_s18_w2.TIF,Control,21,cells,False,0
SIMCEPImages_N10_C40_F42_s05_w2.TIF,Control,21,cells,False,0
SIMCEPImages_J10_C40_F29_s21_w2.TIF,Control,18,cells,False,0
SIMCEPImages_A10_C40_F1_s20_w1.TIF,Control,39,cells,False,0
SIMCEPImages_O10_C40_F45_s15_w1.TIF,Control,13,cells,False,0
SIMCEPImages_I10_C40_F26_s02_w1.TIF,Control,36,cells,False,0
SIMCEPImages_M10_C40_F39_s17_w1.TIF,Control,23,cells,False,0
SIMCEPImages_O10_C40_F45_s19_w1.TIF,Control,12,cells,False,0
SIMCEPImages_N10_C40_F42_s12_w2.TIF,Control,14,cells,False,0
SIMCEPImages_A10_C40_F1_s05_w2.TIF,Control,24,cells,False,0
SIMCEPImages_B10_C40_F4_s03_w1.TIF,Control,36,cells,False,0
SIMCEPImages_O10_C40_F45_s04_w1.TIF,Control,9,cells,False,0
SIMCEPImages_F10_C40_F17_s11_w1.TIF,Control,39,cells,False,0
SIMCEPImages_O10_C40_F45_s03_w1.TIF,Control,10,cells,False,0
SIMCEPImages_F10_C40_F17_s03_w1.TIF,Control,34,cells,False,0
SIMCEPImages_L10_C40_F35_s20_w2.TIF,Control,20,cells,False,0
SIMCEPImages_O10_C40_F45_s06_w2.TIF,Control,20,cells,False,0
SIMCEPImages_D10_C40_F10_s22_w1.TIF,Control,38,cells,False,0
SIMCEPImages_M10_C40_F39_s10_w2.TIF,Control,19,cells,False,0
SIMCEPImages_E10_C40_F14_s02_w1.TIF,Control,39,cells,False,0
SIMCEPImages_B10_C40_F4_s02_w2.TIF,Control,23,cells,False,0
SIMCEPImages_O10_C40_F45_s07_w1.TIF,Control,10,cells,False,0
SIMCEPImages_I10_C40_F26_s20_w1.TIF,Control,32,cells,False,0
SIMCEPImages_C10_C40_F7_s23_w1.TIF,Control,38,cells,False,0
SIMCEPImages_A10_C40_F1_s02_w2.TIF,Control,23,cells,False,0
SIMCEPImages_B10_C40_F4_s04_w2.TIF,Control,23,cells,False,0
SIMCEPImages_N10_C40_F42_s11_w1.TIF,Control,19,cells,False,0
SIMCEPImages_C10_C40_F7_s01_w2.TIF,Control,20,cells,False,0
SIMCEPImages_N10_C40_F42_s13_w2.TIF,Control,20,cells,False,0
SIMCEPImages_B10_C40_F4_s07_w1.TIF,Control,39,cells,False,0
SIMCEPImages_D10_C40_F10_s15_w1.TIF,Control,35,cells,False,0
SIMCEPImages_M10_C40_F39_s23_w2.TIF,Control,19,cells,False,0
SIMCEPImages_D10_C40_F10_s21_w2.TIF,Control,18,cells,False,0
SIMCEPImages_M10_C40_F39_s03_w2.TIF,Control,19,cells,False,0
SIMCEPImages_G10_C40_F20_s06_w1.TIF,Control,37,cells,False,0
SIMCEPImages_P10_C40_F48_s08_w2.TIF,Control,16,cells,False,0
SIMCEPImages_D10_C40_F10_s07_w1.TIF,Control,38,cells,False,0
SIMCEPImages_I10_C40_F26_s22_w1.TIF,Control,36,cells,False,0
SIMCEPImages_C10_C40_F7_s08_w1.TIF,Control,36,cells,False,0
SIMCEPImages_I10_C40_F26_s06_w1.TIF,Control,36,cells,False,0
SIMCEPImages_B10_C40_F4_s23_w2.TIF,Control,20,cells,False,0
SIMCEPImages_A10_C40_F1_s22_w1.TIF,Control,39,cells,False,0
SIMCEPImages_B10_C40_F4_s22_w1.TIF,Control,39,cells,False,0
SIMCEPImages_N10_C40_F42_s01_w1.TIF,Control,16,cells,False,0
SIMCEPImages_G10_C40_F20_s13_w1.TIF,Control,36,cells,False,0
SIMCEPImages_O10_C40_F45_s13_w1.TIF,Control,7,cells,False,0
SIMCEPImages_C10_C40_F7_s04_w1.TIF,Control,38,cells,False,0
SIMCEPImages_N10_C40_F42_s10_w2.TIF,Control,18,cells,False,0
SIMCEPImages_K10_C40_F32_s25_w1.TIF,Control,36,cells,False,0
SIMCEPImages_H10_C40_F23_s04_w1.TIF,Control,36,cells,False,0
SIMCEPImages_F10_C40_F17_s14_w2.TIF,Control,20,cells,False,0
SIMCEPImages_N10_C40_F42_s08_w2.TIF,Control,15,cells,False,0
SIMCEPImages_J10_C40_F29_s10_w2.TIF,Control,20,cells,False,0
SIMCEPImages_E10_C40_F14_s14_w2.TIF,Control,20,cells,False,0
SIMCEPImages_M10_C40_F39_s15_w1.TIF,Control,19,cells,False,0
SIMCEPImages_A10_C40_F1_s24_w2.TIF,Control,19,cells,False,0
SIMCEPImages_B10_C40_F4_s19_w2.TIF,Control,19,cells,False,0
SIMCEPImages_N10_C40_F42_s19_w2.TIF,Control,17,cells,False,0
SIMCEPImages_H10_C40_F23_s15_w1.TIF,Control,29,cells,False,0
SIMCEPImages_P10_C40_F48_s09_w2.TIF,Control,18,cells,False,0
SIMCEPImages_P10_C40_F48_s06_w1.TIF,Control,5,cells,False,0
SIMCEPImages_H10_C40_F23_s07_w2.TIF,Control,19,cells,False,0
SIMCEPImages_N10_C40_F42_s23_w1.TIF,Control,13,cells,False,0
SIMCEPImages_J10_C40_F29_s20_w2.TIF,Control,20,cells,False,0
SIMCEPImages_N10_C40_F42_s09_w2.TIF,Control,18,cells,False,0
SIMCEPImages_K10_C40_F32_s06_w2.TIF,Control,20,cells,False,0
SIMCEPImages_L10_C40_F35_s19_w2.TIF,Control,17,cells,False,0
SIMCEPImages_N10_C40_F42_s16_w1.TIF,Control,13,cells,False,0
SIMCEPImages_B10_C40_F4_s05_w2.TIF,Control,24,cells,False,0
SIMCEPImages_N10_C40_F42_s17_w1.TIF,Control,16,cells,False,0
SIMCEPImages_B10_C40_F4_s23_w1.TIF,Control,39,cells,False,0
SIMCEPImages_C10_C40_F7_s18_w1.TIF,Control,37,cells,False,0
SIMCEPImages_M10_C40_F39_s10_w1.TIF,Control,21,cells,False,0
SIMCEPImages_G10_C40_F20_s04_w2.TIF,Control,23,cells,False,0
SIMCEPImages_P10_C40_F48_s11_w2.TIF,Control,22,cells,False,0
SIMCEPImages_E10_C40_F14_s07_w1.TIF,Control,38,cells,False,0
SIMCEPImages_D10_C40_F10_s08_w1.TIF,Control,36,cells,False,0
SIMCEPImages_B10_C40_F4_s03_w2.TIF,Control,20,cells,False,0
SIMCEPImages_H10_C40_F23_s18_w1.TIF,Control,35,cells,False,0
SIMCEPImages_L10_C40_F35_s21_w2.TIF,Control,20,cells,False,0
SIMCEPImages_H10_C40_F23_s09_w2.TIF,Control,19,cells,False,0
SIMCEPImages_L10_C40_F35_s04_w2.TIF,Control,22,cells,False,0
SIMCEPImages_C10_C40_F7_s03_w2.TIF,Control,19,cells,False,0
SIMCEPImages_H10_C40_F23_s14_w1.TIF,Control,34,cells,False,0
SIMCEPImages_N10_C40_F42_s20_w2.TIF,Control,20,cells,False,0
SIMCEPImages_G10_C40_F20_s25_w2.TIF,Control,21,cells,False,0
SIMCEPImages_M10_C40_F39_s07_w1.TIF,Control,22,cells,False,0
SIMCEPImages_J10_C40_F29_s20_w1.TIF,Control,31,cells,False,0
SIMCEPImages_M10_C40_F39_s17_w2.TIF,Control,19,cells,False,0
SIMCEPImages_C10_C40_F7_s07_w2.TIF,Control,20,cells,False,0
SIMCEPImages_M10_C40_F39_s05_w1.TIF,Control,24,cells,False,0
SIMCEPImages_F10_C40_F17_s05_w2.TIF,Control,22,cells,False,0
SIMCEPImages_H10_C40_F23_s25_w1.TIF,Control,39,cells,False,0
SIMCEPImages_B10_C40_F4_s07_w2.TIF,Control,21,cells,False,0
SIMCEPImages_K10_C40_F32_s19_w1.TIF,Control,31,cells,False,0
SIMCEPImages_N10_C40_F42_s22_w2.TIF,Control,24,cells,False,0
SIMCEPImages_C10_C40_F7_s17_w1.TIF,Control,41,cells,False,0
SIMCEPImages_K10_C40_F32_s22_w2.TIF,Control,25,cells,False,0
SIMCEPImages_L10_C40_F35_s11_w2.TIF,Control,22,cells,False,0
SIMCEPImages_D10_C40_F10_s11_w1.TIF,Control,39,cells,False,0
SIMCEPImages_C10_C40_F7_s05_w1.TIF,Control,39,cells,False,0
SIMCEPImages_O10_C40_F45_s14_w2.TIF,Control,21,cells,False,0
SIMCEPImages_A10_C40_F1_s18_w1.TIF,Control,37,cells,False,0
SIMCEPImages_I10_C40_F26_s18_w2.TIF,Control,21,cells,False,0
SIMCEPImages_G10_C40_F20_s22_w2.TIF,Control,28,cells,False,0
SIMCEPImages_F10_C40_F17_s17_w2.TIF,Control,18,cells,False,0
SIMCEPImages_K10_C40_F32_s07_w2.TIF,Control,19,cells,False,0
SIMCEPImages_I10_C40_F26_s23_w2.TIF,Control,19,cells,False,0
SIMCEPImages_O10_C40_F45_s16_w1.TIF,Control,10,cells,False,0
SIMCEPImages_J10_C40_F29_s13_w1.TIF,Control,35,cells,False,0
SIMCEPImages_G10_C40_F20_s18_w1.TIF,Control,36,cells,False,0
SIMCEPImages_H10_C40_F23_s12_w1.TIF,Control,34,cells,False,0
SIMCEPImages_P10_C40_F48_s19_w2.TIF,Control,18,cells,False,0
SIMCEPImages_O10_C40_F45_s25_w2.TIF,Control,21,cells,False,0
SIMCEPImages_F10_C40_F17_s24_w1.TIF,Control,38,cells,False,0
SIMCEPImages_H10_C40_F23_s08_w1.TIF,Control,35,cells,False,0
SIMCEPImages_A10_C40_F1_s08_w2.TIF,Control,15,cells,False,0
SIMCEPImages_M10_C40_F39_s13_w1.TIF,Control,20,cells,False,0
SIMCEPImages_H10_C40_F23_s16_w2.TIF,Control,20,cells,False,0
SIMCEPImages_K10_C40_F32_s17_w2.TIF,Control,19,cells,False,0
SIMCEPImages_L10_C40_F35_s03_w1.TIF,Control,24,cells,False,0
SIMCEPImages_C10_C40_F7_s02_w2.TIF,Control,23,cells,False,0
SIMCEPImages_K10_C40_F32_s09_w2.TIF,Control,18,cells,False,0
SIMCEPImages_P10_C40_F48_s05_w1.TIF,Control,4,cells,False,0
SIMCEPImages_M10_C40_F39_s18_w1.TIF,Control,22,cells,False,0
SIMCEPImages_O10_C40_F45_s08_w2.TIF,Control,15,cells,False,0
SIMCEPImages_A10_C40_F1_s25_w2.TIF,Control,23,cells,False,0
SIMCEPImages_D10_C40_F10_s23_w2.TIF,Control,20,cells,False,0
SIMCEPImages_O10_C40_F45_s14_w1.TIF,Control,10,cells,False,0
SIMCEPImages_J10_C40_F29_s16_w2.TIF,Control,21,cells,False,0
SIMCEPImages_D10_C40_F10_s12_w2.TIF,Control,15,cells,False,0
SIMCEPImages_B10_C40_F4_s24_w1.TIF,Control,41,cells,False,0
SIMCEPImages_P10_C40_F48_s20_w2.TIF,Control,20,cells,False,0
SIMCEPImages_L10_C40_F35_s14_w1.TIF,Control,29,cells,False,0
SIMCEPImages_P10_C40_F48_s25_w1.TIF,Control,4,cells,False,0
SIMCEPImages_N10_C40_F42_s10_w1.TIF,Control,14,cells,False,0
SIMCEPImages_G10_C40_F20_s03_w1.TIF,Control,33,cells,False,0
SIMCEPImages_J10_C40_F29_s07_w1.TIF,Control,31,cells,False,0
SIMCEPImages_H10_C40_F23_s23_w1.TIF,Control,35,cells,False,0
SIMCEPImages_F10_C40_F17_s21_w2.TIF,Control,18,cells,False,0
SIMCEPImages_N10_C40_F42_s03_w1.TIF,Control,11,cells,False,0
SIMCEPImages_P10_C40_F48_s18_w1.TIF,Control,5,cells,False,0
SIMCEPImages_G10_C40_F20_s09_w2.TIF,Control,19,cells,False,0
SIMCEPImages_G10_C40_F20_s08_w1.TIF,Control,35,cells,False,0
SIMCEPImages_G10_C40_F20_s14_w2.TIF,Control,20,cells,False,0
SIMCEPImages_I10_C40_F26_s07_w2.TIF,Control,19,cells,False,0
SIMCEPImages_I10_C40_F26_s06_w2.TIF,Control,20,cells,False,0
SIMCEPImages_N10_C40_F42_s20_w1.TIF,Control,15,cells,False,0
SIMCEPImages_J10_C40_F29_s05_w1.TIF,Control,33,cells,False,0
SIMCEPImages_F10_C40_F17_s19_w2.TIF,Control,17,cells,False,0
SIMCEPImages_N10_C40_F42_s09_w1.TIF,Control,17,cells,False,0
SIMCEPImages_P10_C40_F48_s22_w2.TIF,Control,25,cells,False,0
SIMCEPImages_N10_C40_F42_s13_w1.TIF,Control,9,cells,False,0
SIMCEPImages_M10_C40_F39_s16_w2.TIF,Control,21,cells,False,0
SIMCEPImages_M10_C40_F39_s13_w2.TIF,Control,20,cells,False,0
SIMCEPImages_K10_C40_F32_s12_w2.TIF,Control,15,cells,False,0
SIMCEPImages_L10_C40_F35_s10_w1.TIF,Control,28,cells,False,0
SIMCEPImages_N10_C40_F42_s21_w2.TIF,Control,20,cells,False,0
SIMCEPImages_L10_C40_F35_s18_w2.TIF,Control,21,cells,False,0
SIMCEPImages_E10_C40_F14_s22_w1.TIF,Control,38,cells,False,0
SIMCEPImages_I10_C40_F26_s12_w1.TIF,Control,34,cells,False,0
SIMCEPImages_M10_C40_F39_s24_w1.TIF,Control,21,cells,False,0
SIMCEPImages_A10_C40_F1_s09_w1.TIF,Control,40,cells,False,0
SIMCEPImages_F10_C40_F17_s01_w2.TIF,Control,19,cells,False,0
SIMCEPImages_O10_C40_F45_s22_w2.TIF,Control,25,cells,False,0
SIMCEPImages_D10_C40_F10_s08_w2.TIF,Control,15,cells,False,0
SIMCEPImages_E10_C40_F14_s17_w2.TIF,Control,18,cells,False,0
SIMCEPImages_B10_C40_F4_s10_w1.TIF,Control,42,cells,False,0
SIMCEPImages_D10_C40_F10_s03_w1.TIF,Control,36,cells,False,0
SIMCEPImages_D10_C40_F10_s04_w1.TIF,Control,38,cells,False,0
SIMCEPImages_I10_C40_F26_s24_w2.TIF,Control,16,cells,False,0
SIMCEPImages_F10_C40_F17_s04_w1.TIF,Control,39,cells,False,0
SIMCEPImages_P10_C40_F48_s11_w1.TIF,Control,4,cells,False,0
SIMCEPImages_K10_C40_F32_s07_w1.TIF,Control,29,cells,False,0
SIMCEPImages_I10_C40_F26_s25_w2.TIF,Control,21,cells,False,0
SIMCEPImages_C10_C40_F7_s09_w1.TIF,Control,40,cells,False,0
SIMCEPImages_I10_C40_F26_s05_w2.TIF,Control,20,cells,False,0
SIMCEPImages_D10_C40_F10_s14_w2.TIF,Control,20,cells,False,0
SIMCEPImages_M10_C40_F39_s08_w2.TIF,Control,15,cells,False,0
SIMCEPImages_P10_C40_F48_s04_w1.TIF,Control,2,cells,False,0
SIMCEPImages_J10_C40_F29_s18_w2.TIF,Control,21,cells,False,0
SIMCEPImages_N10_C40_F42_s02_w1.TIF,Control,9,cells,False,0
SIMCEPImages_L10_C40_F35_s25_w2.TIF,Control,21,cells,False,0
SIMCEPImages_O10_C40_F45_s03_w2.TIF,Control,19,cells,False,0
SIMCEPImages_D10_C40_F10_s11_w2.TIF,Control,23,cells,False,0
SIMCEPImages_I10_C40_F26_s20_w2.TIF,Control,20,cells,False,0
SIMCEPImages_E10_C40_F14_s01_w2.TIF,Control,19,cells,False,0
SIMCEPImages_L10_C40_F35_s01_w1.TIF,Control,27,cells,False,0
SIMCEPImages_B10_C40_F4_s14_w1.TIF,Control,40,cells,False,0
SIMCEPImages_O10_C40_F45_s01_w1.TIF,Control,15,cells,False,0
SIMCEPImages_D10_C40_F10_s19_w2.TIF,Control,16,cells,False,0
SIMCEPImages_H10_C40_F23_s04_w2.TIF,Control,23,cells,False,0
SIMCEPImages_P10_C40_F48_s01_w1.TIF,Control,6,cells,False,0
SIMCEPImages_C10_C40_F7_s11_w1.TIF,Control,39,cells,False,0
SIMCEPImages_P10_C40_F48_s21_w1.TIF,Control,3,cells,False,0
SIMCEPImages_N10_C40_F42_s25_w1.TIF,Control,17,cells,False,0
SIMCEPImages_D10_C40_F10_s20_w2.TIF,Control,22,cells,False,0
SIMCEPImages_D10_C40_F10_s17_w1.TIF,Control,41,cells,False,0
SIMCEPImages_P10_C40_F48_s08_w1.TIF,Control,2,cells,False,0
SIMCEPImages_A10_C40_F1_s16_w2.TIF,Control,24,cells,False,0
SIMCEPImages_H10_C40_F23_s25_w2.TIF,Control,21,cells,False,0
SIMCEPImages_L10_C40_F35_s22_w2.TIF,Control,25,cells,False,0
SIMCEPImages_A10_C40_F1_s01_w2.TIF,Control,21,cells,False,0
SIMCEPImages_F10_C40_F17_s18_w1.TIF,Control,37,cells,False,0
SIMCEPImages_J10_C40_F29_s08_w2.TIF,Control,15,cells,False,0
SIMCEPImages_B10_C40_F4_s22_w2.TIF,Control,30,cells,False,0
SIMCEPImages_P10_C40_F48_s15_w2.TIF,Control,12,cells,False,0
SIMCEPImages_I10_C40_F26_s05_w1.TIF,Control,33,cells,False,0
SIMCEPImages_E10_C40_F14_s16_w1.TIF,Control,39,cells,False,0
SIMCEPImages_M10_C40_F39_s04_w1.TIF,Control,19,cells,False,0
SIMCEPImages_N10_C40_F42_s17_w2.TIF,Control,19,cells,False,0
SIMCEPImages_J10_C40_F29_s23_w2.TIF,Control,19,cells,False,0
SIMCEPImages_J10_C40_F29_s08_w1.TIF,Control,33,cells,False,0
SIMCEPImages_B10_C40_F4_s16_w1.TIF,Control,40,cells,False,0
SIMCEPImages_L10_C40_F35_s06_w1.TIF,Control,33,cells,False,0
SIMCEPImages_K10_C40_F32_s23_w1.TIF,Control,32,cells,False,0
SIMCEPImages_G10_C40_F20_s08_w2.TIF,Control,16,cells,False,0
SIMCEPImages_C10_C40_F7_s20_w1.TIF,Control,38,cells,False,0
SIMCEPImages_J10_C40_F29_s22_w1.TIF,Control,35,cells,False,0
SIMCEPImages_B10_C40_F4_s17_w2.TIF,Control,20,cells,False,0
SIMCEPImages_F10_C40_F17_s15_w1.TIF,Control,29,cells,False,0
SIMCEPImages_K10_C40_F32_s05_w2.TIF,Control,21,cells,False,0
SIMCEPImages_C10_C40_F7_s13_w1.TIF,Control,38,cells,False,0
SIMCEPImages_G10_C40_F20_s11_w2.TIF,Control,22,cells,False,0
SIMCEPImages_P10_C40_F48_s24_w2.TIF,Control,16,cells,False,0
SIMCEPImages_J10_C40_F29_s06_w2.TIF,Control,20,cells,False,0
SIMCEPImages_E10_C40_F14_s24_w2.TIF,Control,17,cells,False,0
SIMCEPImages_C10_C40_F7_s10_w1.TIF,Control,42,cells,False,0
SIMCEPImages_F10_C40_F17_s12_w1.TIF,Control,36,cells,False,0
SIMCEPImages_L10_C40_F35_s25_w1.TIF,Control,33,cells,False,0
SIMCEPImages_I10_C40_F26_s17_w1.TIF,Control,35,cells,False,0
SIMCEPImages_P10_C40_F48_s16_w1.TIF,Control,1,cells,False,0
SIMCEPImages_N10_C40_F42_s15_w2.TIF,Control,12,cells,False,0
SIMCEPImages_B10_C40_F4_s14_w2.TIF,Control,20,cells,False,0
SIMCEPImages_E10_C40_F14_s01_w1.TIF,Control,34,cells,False,0
SIMCEPImages_G10_C40_F20_s05_w1.TIF,Control,35,cells,False,0
SIMCEPImages_C10_C40_F7_s24_w1.TIF,Control,41,cells,False,0
SIMCEPImages_C10_C40_F7_s01_w1.TIF,Control,36,cells,False,0
SIMCEPImages_F10_C40_F17_s02_w1.TIF,Control,39,cells,False,0
SIMCEPImages_L10_C40_F35_s11_w1.TIF,Control,31,cells,False,0
SIMCEPImages_D10_C40_F10_s12_w1.TIF,Control,38,cells,False,0
SIMCEPImages_J10_C40_F29_s04_w1.TIF,Control,36,cells,False,0
SIMCEPImages_F10_C40_F17_s16_w2.TIF,Control,22,cells,False,0
SIMCEPImages_D10_C40_F10_s05_w1.TIF,Control,37,cells,False,0
SIMCEPImages_C10_C40_F7_s09_w2.TIF,Control,20,cells,False,0
SIMCEPImages_E10_C40_F14_s05_w2.TIF,Control,22,cells,False,0
SIMCEPImages_K10_C40_F32_s10_w2.TIF,Control,19,cells,False,0
SIMCEPImages_G10_C40_F20_s01_w2.TIF,Control,19,cells,False,0
SIMCEPImages_N10_C40_F42_s06_w2.TIF,Control,20,cells,False,0
SIMCEPImages_K10_C40_F32_s01_w1.TIF,Control,30,cells,False,0
SIMCEPImages_J10_C40_F29_s11_w2.TIF,Control,22,cells,False,0
SIMCEPImages_H10_C40_F23_s03_w1.TIF,Control,33,cells,False,0
SIMCEPImages_I10_C40_F26_s09_w1.TIF,Control,36,cells,False,0
SIMCEPImages_D10_C40_F10_s25_w2.TIF,Control,22,cells,False,0
SIMCEPImages_F10_C40_F17_s19_w1.TIF,Control,36,cells,False,0
SIMCEPImages_N10_C40_F42_s11_w2.TIF,Control,22,cells,False,0
SIMCEPImages_A10_C40_F1_s14_w1.TIF,Control,40,cells,False,0
SIMCEPImages_F10_C40_F17_s06_w2.TIF,Control,20,cells,False,0
SIMCEPImages_F10_C40_F17_s10_w2.TIF,Control,19,cells,False,0
SIMCEPImages_J10_C40_F29_s18_w1.TIF,Control,33,cells,False,0
SIMCEPImages_O10_C40_F45_s21_w1.TIF,Control,11,cells,False,0
SIMCEPImages_A10_C40_F1_s17_w2.TIF,Control,20,cells,False,0
SIMCEPImages_O10_C40_F45_s12_w2.TIF,Control,14,cells,False,0
SIMCEPImages_F10_C40_F17_s14_w1.TIF,Control,39,cells,False,0
SIMCEPImages_E10_C40_F14_s11_w2.TIF,Control,22,cells,False,0
SIMCEPImages_G10_C40_F20_s10_w2.TIF,Control,19,cells,False,0
SIMCEPImages_P10_C40_F48_s23_w1.TIF,Control,5,cells,False,0
SIMCEPImages_D10_C40_F10_s04_w2.TIF,Control,23,cells,False,0
SIMCEPImages_G10_C40_F20_s13_w2.TIF,Control,21,cells,False,0
SIMCEPImages_M10_C40_F39_s01_w1.TIF,Control,20,cells,False,0
SIMCEPImages_F10_C40_F17_s25_w1.TIF,Control,39,cells,False,0
SIMCEPImages_I10_C40_F26_s12_w2.TIF,Control,15,cells,False,0
SIMCEPImages_E10_C40_F14_s24_w1.TIF,Control,38,cells,False,0
SIMCEPImages_N10_C40_F42_s21_w1.TIF,Control,13,cells,False,0
SIMCEPImages_H10_C40_F23_s13_w1.TIF,Control,35,cells,False,0
SIMCEPImages_N10_C40_F42_s19_w1.TIF,Control,13,cells,False,0
SIMCEPImages_H10_C40_F23_s11_w1.TIF,Control,38,cells,False,0
SIMCEPImages_P10_C40_F48_s03_w2.TIF,Control,19,cells,False,0
SIMCEPImages_A10_C40_F1_s10_w2.TIF,Control,22,cells,False,0
SIMCEPImages_H10_C40_F23_s24_w2.TIF,Control,16,cells,False,0
SIMCEPImages_C10_C40_F7_s19_w2.TIF,Control,18,cells,False,0
SIMCEPImages_M10_C40_F39_s21_w1.TIF,Control,22,cells,False,0
SIMCEPImages_B10_C40_F4_s11_w1.TIF,Control,39,cells,False,0
SIMCEPImages_F10_C40_F17_s10_w1.TIF,Control,39,cells,False,0
SIMCEPImages_K10_C40_F32_s16_w2.TIF,Control,21,cells,False,0
SIMCEPImages_N10_C40_F42_s23_w2.TIF,Control,20,cells,False,0
SIMCEPImages_I10_C40_F26_s19_w2.TIF,Control,17,cells,False,0
SIMCEPImages_M10_C40_F39_s18_w2.TIF,Control,22,cells,False,0
SIMCEPImages_M10_C40_F39_s20_w2.TIF,Control,20,cells,False,0
SIMCEPImages_L10_C40_F35_s08_w1.TIF,Control,25,cells,False,0
SIMCEPImages_F10_C40_F17_s18_w2.TIF,Control,21,cells,False,0
SIMCEPImages_K10_C40_F32_s06_w1.TIF,Control,33,cells,False,0
SIMCEPImages_K10_C40_F32_s24_w2.TIF,Control,17,cells,False,0
SIMCEPImages_K10_C40_F32_s13_w1.TIF,Control,33,cells,False,0
SIMCEPImages_H10_C40_F23_s22_w2.TIF,Control,28,cells,False,0
SIMCEPImages_E10_C40_F14_s09_w2.TIF,Control,20,cells,False,0
SIMCEPImages_P10_C40_F48_s10_w2.TIF,Control,18,cells,False,0
SIMCEPImages_F10_C40_F17_s05_w1.TIF,Control,36,cells,False,0
SIMCEPImages_D10_C40_F10_s14_w1.TIF,Control,39,cells,False,0
SIMCEPImages_M10_C40_F39_s01_w2.TIF,Control,18,cells,False,0
SIMCEPImages_G10_C40_F20_s18_w2.TIF,Control,21,cells,False,0
SIMCEPImages_D10_C40_F10_s21_w1.TIF,Control,41,cells,False,0
SIMCEPImages_I10_C40_F26_s04_w1.TIF,Control,36,cells,False,0
SIMCEPImages_K10_C40_F32_s13_w2.TIF,Control,20,cells,False,0
SIMCEPImages_G10_C40_F20_s04_w1.TIF,Control,39,cells,False,0
SIMCEPImages_L10_C40_F35_s18_w1.TIF,Control,30,cells,False,0
SIMCEPImages_G10_C40_F20_s21_w1.TIF,Control,41,cells,False,0
SIMCEPImages_I10_C40_F26_s19_w1.TIF,Control,33,cells,False,0
SIMCEPImages_J10_C40_F29_s24_w2.TIF,Control,16,cells,False,0
SIMCEPImages_B10_C40_F4_s09_w2.TIF,Control,21,cells,False,0
SIMCEPImages_A10_C40_F1_s11_w2.TIF,Control,26,cells,False,0
SIMCEPImages_L10_C40_F35_s09_w2.TIF,Control,18,cells,False,0
SIMCEPImages_A10_C40_F1_s16_w1.TIF,Control,40,cells,False,0
SIMCEPImages_B10_C40_F4_s13_w1.TIF,Control,39,cells,False,0
SIMCEPImages_E10_C40_F14_s18_w2.TIF,Control,21,cells,False,0
SIMCEPImages_C10_C40_F7_s18_w2.TIF,Control,22,cells,False,0
SIMCEPImages_O10_C40_F45_s15_w2.TIF,Control,12,cells,False,0
SIMCEPImages_D10_C40_F10_s02_w2.TIF,Control,23,cells,False,0
SIMCEPImages_D10_C40_F10_s13_w2.TIF,Control,21,cells,False,0
SIMCEPImages_I10_C40_F26_s22_w2.TIF,Control,28,cells,False,0
SIMCEPImages_P10_C40_F48_s07_w1.TIF,Control,3,cells,False,0
SIMCEPImages_H10_C40_F23_s21_w1.TIF,Control,38,cells,False,0
SIMCEPImages_K10_C40_F32_s08_w1.TIF,Control,31,cells,False,0
SIMCEPImages_M10_C40_F39_s24_w2.TIF,Control,17,cells,False,0
SIMCEPImages_O10_C40_F45_s10_w1.TIF,Control,10,cells,False,0
SIMCEPImages_C10_C40_F7_s12_w2.TIF,Control,16,cells,False,0
SIMCEPImages_D10_C40_F10_s19_w1.TIF,Control,36,cells,False,0
SIMCEPImages_M10_C40_F39_s12_w1.TIF,Control,22,cells,False,0
SIMCEPImages_B10_C40_F4_s01_w1.TIF,Control,37,cells,False,0
SIMCEPImages_A10_C40_F1_s03_w1.TIF,Control,36,cells,False,0
SIMCEPImages_J10_C40_F29_s25_w2.TIF,Control,21,cells,False,0
SIMCEPImages_A10_C40_F1_s17_w1.TIF,Control,41,cells,False,0
SIMCEPImages_B10_C40_F4_s15_w2.TIF,Control,13,cells,False,0
SIMCEPImages_B10_C40_F4_s12_w1.TIF,Control,38,cells,False,0
SIMCEPImages_J10_C40_F29_s02_w1.TIF,Control,36,cells,False,0
SIMCEPImages_O10_C40_F45_s07_w2.TIF,Control,18,cells,False,0
SIMCEPImages_H10_C40_F23_s01_w1.TIF,Control,33,cells,False,0
SIMCEPImages_E10_C40_F14_s18_w1.TIF,Control,37,cells,False,0
SIMCEPImages_A10_C40_F1_s20_w2.TIF,Control,24,cells,False,0
SIMCEPImages_I10_C40_F26_s13_w2.TIF,Control,20,cells,False,0
SIMCEPImages_C10_C40_F7_s25_w1.TIF,Control,41,cells,False,0
SIMCEPImages_A10_C40_F1_s07_w2.TIF,Control,22,cells,False,0
SIMCEPImages_I10_C40_F26_s11_w2.TIF,Control,22,cells,False,0
SIMCEPImages_M10_C40_F39_s09_w1.TIF,Control,23,cells,False,0
SIMCEPImages_O10_C40_F45_s23_w1.TIF,Control,12,cells,False,0
SIMCEPImages_E10_C40_F14_s10_w2.TIF,Control,19,cells,False,0
SIMCEPImages_A10_C40_F1_s08_w1.TIF,Control,36,cells,False,0
SIMCEPImages_A10_C40_F1_s13_w1.TIF,Control,39,cells,False,0
SIMCEPImages_B10_C40_F4_s09_w1.TIF,Control,40,cells,False,0
SIMCEPImages_F10_C40_F17_s17_w1.TIF,Control,37,cells,False,0
SIMCEPImages_K10_C40_F32_s18_w2.TIF,Control,21,cells,False,0
SIMCEPImages_C10_C40_F7_s11_w2.TIF,Control,23,cells,False,0
SIMCEPImages_F10_C40_F17_s07_w1.TIF,Control,38,cells,False,0
SIMCEPImages_M10_C40_F39_s23_w1.TIF,Control,21,cells,False,0
SIMCEPImages_E10_C40_F14_s16_w2.TIF,Control,22,cells,False,0
SIMCEPImages_E10_C40_F14_s13_w2.TIF,Control,21,cells,False,0
SIMCEPImages_A10_C40_F1_s22_w2.TIF,Control,31,cells,False,0
SIMCEPImages_B10_C40_F4_s12_w2.TIF,Control,17,cells,False,0
SIMCEPImages_P10_C40_F48_s03_w1.TIF,Control,7,cells,False,0
SIMCEPImages_O10_C40_F45_s24_w2.TIF,Control,17,cells,False,0
SIMCEPImages_P10_C40_F48_s02_w1.TIF,Control,3,cells,False,0
SIMCEPImages_G10_C40_F20_s06_w2.TIF,Control,20,cells,False,0
SIMCEPImages_D10_C40_F10_s16_w2.TIF,Control,23,cells,False,0
SIMCEPImages_P10_C40_F48_s24_w1.TIF,Control,4,cells,False,0
SIMCEPImages_G10_C40_F20_s25_w1.TIF,Control,39,cells,False,0
SIMCEPImages_I10_C40_F26_s10_w2.TIF,Control,20,cells,False,0
SIMCEPImages_I10_C40_F26_s21_w1.TIF,Control,36,cells,False,0
SIMCEPImages_M10_C40_F39_s06_w1.TIF,Control,18,cells,False,0
SIMCEPImages_O10_C40_F45_s18_w2.TIF,Control,22,cells,False,0
SIMCEPImages_B10_C40_F4_s06_w1.TIF,Control,37,cells,False,0
SIMCEPImages_D10_C40_F10_s09_w1.TIF,Control,40,cells,False,0
SIMCEPImages_K10_C40_F32_s14_w2.TIF,Control,21,cells,False,0
SIMCEPImages_G10_C40_F20_s23_w2.TIF,Control,19,cells,False,0
SIMCEPImages_J10_C40_F29_s01_w1.TIF,Control,34,cells,False,0
SIMCEPImages_F10_C40_F17_s13_w1.TIF,Control,36,cells,False,0
SIMCEPImages_P10_C40_F48_s02_w2.TIF,Control,24,cells,False,0
SIMCEPImages_D10_C40_F10_s25_w1.TIF,Control,40,cells,False,0
SIMCEPImages_N10_C40_F42_s14_w1.TIF,Control,14,cells,False,0
SIMCEPImages_H10_C40_F23_s09_w1.TIF,Control,37,cells,False,0
SIMCEPImages_O10_C40_F45_s04_w2.TIF,Control,22,cells,False,0
SIMCEPImages_I10_C40_F26_s01_w2.TIF,Control,18,cells,False,0
SIMCEPImages_I10_C40_F26_s13_w1.TIF,Control,35,cells,False,0
SIMCEPImages_M10_C40_F39_s14_w1.TIF,Control,24,cells,False,0
SIMCEPImages_G10_C40_F20_s16_w2.TIF,Control,21,cells,False,0
SIMCEPImages_G10_C40_F20_s23_w1.TIF,Control,36,cells,False,0
SIMCEPImages_O10_C40_F45_s02_w2.TIF,Control,25,cells,False,0
SIMCEPImages_K10_C40_F32_s20_w2.TIF,Control,19,cells,False,0
SIMCEPImages_F10_C40_F17_s21_w1.TIF,Control,41,cells,False,0
SIMCEPImages_P10_C40_F48_s21_w2.TIF,Control,20,cells,False,0
SIMCEPImages_A10_C40_F1_s21_w1.TIF,Control,41,cells,False,0
SIMCEPImages_O10_C40_F45_s24_w1.TIF,Control,13,cells,False,0
SIMCEPImages_E10_C40_F14_s21_w2.TIF,Control,18,cells,False,0
SIMCEPImages_J10_C40_F29_s07_w2.TIF,Control,19,cells,False,0
SIMCEPImages_C10_C40_F7_s17_w2.TIF,Control,20,cells,False,0
SIMCEPImages_O10_C40_F45_s16_w2.TIF,Control,21,cells,False,0
SIMCEPImages_L10_C40_F35_s05_w2.TIF,Control,21,cells,False,0
SIMCEPImages_M10_C40_F39_s02_w2.TIF,Control,24,cells,False,0
SIMCEPImages_L10_C40_F35_s12_w2.TIF,Control,15,cells,False,0
SIMCEPImages_B10_C40_F4_s08_w1.TIF,Control,37,cells,False,0
SIMCEPImages_D10_C40_F10_s10_w2.TIF,Control,20,cells,False,0
SIMCEPImages_A10_C40_F1_s12_w1.TIF,Control,38,cells,False,0
SIMCEPImages_G10_C40_F20_s11_w1.TIF,Control,39,cells,False,0
SIMCEPImages_E10_C40_F14_s25_w2.TIF,Control,23,cells,False,0
SIMCEPImages_P10_C40_F48_s19_w1.TIF,Control,6,cells,False,0
SIMCEPImages_K10_C40_F32_s02_w2.TIF,Control,24,cells,False,0
SIMCEPImages_G10_C40_F20_s12_w2.TIF,Control,15,cells,False,0
SIMCEPImages_D10_C40_F10_s24_w1.TIF,Control,40,cells,False,0
SIMCEPImages_E10_C40_F14_s17_w1.TIF,Control,39,cells,False,0
SIMCEPImages_M10_C40_F39_s22_w1.TIF,Control,23,cells,False,0
SIMCEPImages_A10_C40_F1_s12_w2.TIF,Control,16,cells,False,0
SIMCEPImages_C10_C40_F7_s06_w2.TIF,Control,21,cells,False,0
SIMCEPImages_H10_C40_F23_s08_w2.TIF,Control,16,cells,False,0
SIMCEPImages_G10_C40_F20_s02_w2.TIF,Control,24,cells,False,0
SIMCEPImages_F10_C40_F17_s03_w2.TIF,Control,19,cells,False,0
SIMCEPImages_O10_C40_F45_s21_w2.TIF,Control,20,cells,False,0
SIMCEPImages_A10_C40_F1_s23_w1.TIF,Control,40,cells,False,0
SIMCEPImages_L10_C40_F35_s23_w1.TIF,Control,28,cells,False,0
SIMCEPImages_H10_C40_F23_s11_w2.TIF,Control,22,cells,False,0
SIMCEPImages_F10_C40_F17_s08_w1.TIF,Control,36,cells,False,0
SIMCEPImages_A10_C40_F1_s23_w2.TIF,Control,22,cells,False,0
SIMCEPImages_N10_C40_F42_s03_w2.TIF,Control,19,cells,False,0
SIMCEPImages_N10_C40_F42_s04_w2.TIF,Control,22,cells,False,0
SIMCEPImages_K10_C40_F32_s03_w1.TIF,Control,30,cells,False,0
SIMCEPImages_N10_C40_F42_s18_w1.TIF,Control,16,cells,False,0
SIMCEPImages_O10_C40_F45_s12_w1.TIF,Control,12,cells,False,0
SIMCEPImages_I10_C40_F26_s25_w1.TIF,Control,38,cells,False,0
SIMCEPImages_P10_C40_F48_s10_w1.TIF,Control,2,cells,False,0
SIMCEPImages_P10_C40_F48_s20_w1.TIF,Control,6,cells,False,0
SIMCEPImages_H10_C40_F23_s14_w2.TIF,Control,20,cells,False,0
SIMCEPImages_J10_C40_F29_s09_w2.TIF,Control,18,cells,False,0
SIMCEPImages_J10_C40_F29_s05_w2.TIF,Control,20,cells,False,0
SIMCEPImages_A10_C40_F1_s02_w1.TIF,Control,39,cells,False,0
SIMCEPImages_E10_C40_F14_s20_w1.TIF,Control,37,cells,False,0
SIMCEPImages_B10_C40_F4_s04_w1.TIF,Control,38,cells,False,0
SIMCEPImages_A10_C40_F1_s10_w1.TIF,Control,42,cells,False,0
SIMCEPImages_A10_C40_F1_s19_w2.TIF,Control,18,cells,False,0
SIMCEPImages_M10_C40_F39_s16_w1.TIF,Control,23,cells,False,0
SIMCEPImages_P10_C40_F48_s17_w2.TIF,Control,21,cells,False,0
SIMCEPImages_K10_C40_F32_s01_w2.TIF,Control,18,cells,False,0
SIMCEPImages_N10_C40_F42_s22_w1.TIF,Control,12,cells,False,0
SIMCEPImages_C10_C40_F7_s23_w2.TIF,Control,20,cells,False,0
SIMCEPImages_F10_C40_F17_s11_w2.TIF,Control,22,cells,False,0
SIMCEPImages_G10_C40_F20_s21_w2.TIF,Control,18,cells,False,0
SIMCEPImages_J10_C40_F29_s15_w2.TIF,Control,12,cells,False,0
SIMCEPImages_O10_C40_F45_s18_w1.TIF,Control,11,cells,False,0
SIMCEPImages_H10_C40_F23_s21_w2.TIF,Control,18,cells,False,0
SIMCEPImages_H10_C40_F23_s17_w1.TIF,Control,36,cells,False,0
SIMCEPImages_M10_C40_F39_s07_w2.TIF,Control,18,cells,False,0
SIMCEPImages_A10_C40_F1_s09_w2.TIF,Control,21,cells,False,0
SIMCEPImages_L10_C40_F35_s07_w2.TIF,Control,18,cells,False,0
SIMCEPImages_G10_C40_F20_s24_w1.TIF,Control,37,cells,False,0
SIMCEPImages_C10_C40_F7_s16_w1.TIF,Control,40,cells,False,0
SIMCEPImages_I10_C40_F26_s08_w2.TIF,Control,15,cells,False,0
SIMCEPImages_L10_C40_F35_s17_w2.TIF,Control,19,cells,False,0
SIMCEPImages_G10_C40_F20_s12_w1.TIF,Control,35,cells,False,0
SIMCEPImages_J10_C40_F29_s21_w1.TIF,Control,34,cells,False,0
SIMCEPImages_C10_C40_F7_s20_w2.TIF,Control,24,cells,False,0
SIMCEPImages_H10_C40_F23_s15_w2.TIF,Control,12,cells,False,0
SIMCEPImages_B10_C40_F4_s25_w2.TIF,Control,22,cells,False,0
SIMCEPImages_M10_C40_F39_s19_w2.TIF,Control,17,cells,False,0
SIMCEPImages_N10_C40_F42_s08_w1.TIF,Control,12,cells,False,0
SIMCEPImages_K10_C40_F32_s21_w2.TIF,Control,19,cells,False,0
SIMCEPImages_H10_C40_F23_s05_w2.TIF,Control,20,cells,False,0
SIMCEPImages_C10_C40_F7_s14_w2.TIF,Control,20,cells,False,0
SIMCEPImages_M10_C40_F39_s12_w2.TIF,Control,15,cells,False,0
SIMCEPImages_H10_C40_F23_s13_w2.TIF,Control,20,cells,False,0
SIMCEPImages_J10_C40_F29_s02_w2.TIF,Control,24,cells,False,0
SIMCEPImages_N10_C40_F42_s07_w1.TIF,Control,15,cells,False,0
SIMCEPImages_C10_C40_F7_s08_w2.TIF,Control,15,cells,False,0
SIMCEPImages_H10_C40_F23_s20_w2.TIF,Control,20,cells,False,0
SIMCEPImages_B10_C40_F4_s05_w1.TIF,Control,39,cells,False,0
SIMCEPImages_D10_C40_F10_s01_w1.TIF,Control,35,cells,False,0
SIMCEPImages_O10_C40_F45_s09_w1.TIF,Control,14,cells,False,0
SIMCEPImages_G10_C40_F20_s01_w1.TIF,Control,34,cells,False,0
SIMCEPImages_P10_C40_F48_s22_w1.TIF,Control,2,cells,False,0
SIMCEPImages_C10_C40_F7_s16_w2.TIF,Control,24,cells,False,0
SIMCEPImages_P10_C40_F48_s05_w2.TIF,Control,21,cells,False,0
SIMCEPImages_G10_C40_F20_s20_w2.TIF,Control,20,cells,False,0
SIMCEPImages_E10_C40_F14_s10_w1.TIF,Control,39,cells,False,0
SIMCEPImages_K10_C40_F32_s20_w1.TIF,Control,31,cells,False,0
SIMCEPImages_G10_C40_F20_s20_w1.TIF,Control,35,cells,False,0
SIMCEPImages_F10_C40_F17_s02_w2.TIF,Control,23,cells,False,0
SIMCEPImages_F10_C40_F17_s22_w1.TIF,Control,38,cells,False,0
SIMCEPImages_G10_C40_F20_s15_w2.TIF,Control,12,cells,False,0
SIMCEPImages_F10_C40_F17_s01_w1.TIF,Control,34,cells,False,0
SIMCEPImages_M10_C40_F39_s20_w1.TIF,Control,21,cells,False,0
SIMCEPImages_C10_C40_F7_s21_w1.TIF,Control,42,cells,False,0
SIMCEPImages_J10_C40_F29_s16_w1.TIF,Control,35,cells,False,0
SIMCEPImages_N10_C40_F42_s14_w2.TIF,Control,21,cells,False,0
SIMCEPImages_K10_C40_F32_s24_w1.TIF,Control,32,cells,False,0
SIMCEPImages_P10_C40_F48_s23_w2.TIF,Control,21,cells,False,0
SIMCEPImages_N10_C40_F42_s25_w2.TIF,Control,21,cells,False,0
SIMCEPImages_G10_C40_F20_s15_w1.TIF,Control,29,cells,False,0
SIMCEPImages_L10_C40_F35_s04_w1.TIF,Control,28,cells,False,0
SIMCEPImages_O10_C40_F45_s20_w1.TIF,Control,12,cells,False,0
SIMCEPImages_B10_C40_F4_s13_w2.TIF,Control,23,cells,False,0
SIMCEPImages_J10_C40_F29_s11_w1.TIF,Control,35,cells,False,0
SIMCEPImages_J10_C40_F29_s14_w2.TIF,Control,21,cells,False,0
SIMCEPImages_A10_C40_F1_s01_w1.TIF,Control,37,cells,False,0
SIMCEPImages_O10_C40_F45_s17_w2.TIF,Control,20,cells,False,0
SIMCEPImages_O10_C40_F45_s13_w2.TIF,Control,21,cells,False,0
SIMCEPImages_K10_C40_F32_s23_w2.TIF,Control,19,cells,False,0
SIMCEPImages_N10_C40_F42_s06_w1.TIF,Control,10,cells,False,0
SIMCEPImages_B10_C40_F4_s20_w2.TIF,Control,23,cells,False,0
SIMCEPImages_D10_C40_F10_s22_w2.TIF,Control,27,cells,False,0
SIMCEPImages_K10_C40_F32_s04_w2.TIF,Control,22,cells,False,0
SIMCEPImages_K10_C40_F32_s02_w1.TIF,Control,35,cells,False,0
SIMCEPImages_C10_C40_F7_s04_w2.TIF,Control,22,cells,False,0
SIMCEPImages_E10_C40_F14_s21_w1.TIF,Control,41,cells,False,0
SIMCEPImages_J10_C40_F29_s17_w2.TIF,Control,19,cells,False,0
SIMCEPImages_E10_C40_F14_s12_w1.TIF,Control,37,cells,False,0
SIMCEPImages_D10_C40_F10_s09_w2.TIF,Control,21,cells,False,0
SIMCEPImages_J10_C40_F29_s12_w2.TIF,Control,15,cells,False,0
SIMCEPImages_I10_C40_F26_s17_w2.TIF,Control,19,cells,False,0
SIMCEPImages_C10_C40_F7_s10_w2.TIF,Control,20,cells,False,0
SIMCEPImages_J10_C40_F29_s06_w1.TIF,Control,36,cells,False,0
SIMCEPImages_G10_C40_F20_s19_w1.TIF,Control,36,cells,False,0
SIMCEPImages_J10_C40_F29_s17_w1.TIF,Control,34,cells,False,0
SIMCEPImages_K10_C40_F32_s18_w1.TIF,Control,31,cells,False,0
SIMCEPImages_F10_C40_F17_s23_w1.TIF,Control,37,cells,False,0
SIMCEPImages_C10_C40_F7_s25_w2.TIF,Control,22,cells,False,0
SIMCEPImages_I10_C40_F26_s16_w2.TIF,Control,21,cells,False,0
SIMCEPImages_I10_C40_F26_s07_w1.TIF,Control,32,cells,False,0
SIMCEPImages_O10_C40_F45_s17_w1.TIF,Control,13,cells,False,0
SIMCEPImages_E10_C40_F14_s15_w2.TIF,Control,12,cells,False,0
SIMCEPImages_A10_C40_F1_s24_w1.TIF,Control,41,cells,False,0
SIMCEPImages_L10_C40_F35_s19_w1.TIF,Control,26,cells,False,0
SIMCEPImages_I10_C40_F26_s18_w1.TIF,Control,33,cells,False,0
SIMCEPImages_J10_C40_F29_s04_w2.TIF,Control,22,cells,False,0
SIMCEPImages_B10_C40_F4_s24_w2.TIF,Control,19,cells,False,0
SIMCEPImages_P10_C40_F48_s01_w2.TIF,Control,18,cells,False,0
SIMCEPImages_K10_C40_F32_s11_w2.TIF,Control,22,cells,False,0
SIMCEPImages_G10_C40_F20_s24_w2.TIF,Control,17,cells,False,0
SIMCEPImages_P10_C40_F48_s12_w2.TIF,Control,14,cells,False,0
SIMCEPImages_M10_C40_F39_s21_w2.TIF,Control,20,cells,False,0
SIMCEPImages_K10_C40_F32_s19_w2.TIF,Control,17,cells,False,0
SIMCEPImages_A10_C40_F1_s05_w1.TIF,Control,38,cells,False,0
SIMCEPImages_L10_C40_F35_s09_w1.TIF,Control,28,cells,False,0
SIMCEPImages_O10_C40_F45_s25_w1.TIF,Control,12,cells,False,0
SIMCEPImages_K10_C40_F32_s05_w1.TIF,Control,33,cells,False,0
SIMCEPImages_M10_C40_F39_s25_w1.TIF,Control,26,cells,False,0
SIMCEPImages_F10_C40_F17_s24_w2.TIF,Control,17,cells,False,0
SIMCEPImages_H10_C40_F23_s05_w1.TIF,Control,34,cells,False,0
